0,0,3,0.03,0.02
1,1,5,0.04,0.01
2,1,1,0.03,0.01
3,1,1,0.03,0.04
4,2,5,0.02,0.03
5,3,3,0.05,0.02
6,5,3,0.02,0.03
7,6,5,0.04,0.01
8,6,2,0.03,0.04
9,6,2,0.01,0.02
10,8,3,0.02,0.02
11,8,2,0.03,0.03
12,9,3,0.01,0.04
13,9,4,0.05,0.02
14,9,3,0.01,0.03
15,10,1,0.04,0.02
16,10,2,0.02,0.01
17,11,4,0.05,0.02
18,12,1,0.02,0.05
19,15,5,0.02,0.03
20,15,4,0.04,0.03
21,15,3,0.02,0.02
22,16,2,0.03,0.02
23,16,2,0.03,0.03
24,17,3,0.03,0.03
25,18,5,0.04,0.01
26,18,2,0.03,0.03
27,19,5,0.02,0.03
28,20,3,0.03,0.01
29,20,5,0.01,0.02
30,21,5,0.02,0.03
31,22,3,0.02,0.03
32,23,5,0.02,0.01
33,23,3,0.03,0.04
34,23,2,0.03,0.01
35,24,5,0.02,0.05
36,24,5,0.05,0.05
37,25,4,0.02,0.02
38,25,3,0.04,0.04
39,26,3,0.04,0.05
40,27,5,0.03,0.04
41,27,5,0.04,0.01
42,27,2,0.04,0.04
43,27,2,0.02,0.03
44,28,1,0.04,0.01
45,28,4,0.01,0.04
46,28,5,0.03,0.02
47,29,2,0.04,0.02
48,29,2,0.04,0.03
49,29,2,0.02,0.03
50,30,3,0.02,0.02
51,31,2,0.04,0.03
52,31,4,0.03,0.02
53,31,1,0.05,0.05
54,32,5,0.04,0.05
55,33,1,0.04,0.02
56,35,2,0.03,0.02
57,35,2,0.02,0.02
58,36,3,0.04,0.04
59,36,4,0.04,0.03
60,38,2,0.02,0.03
61,38,2,0.02,0.05
62,38,5,0.04,0.01
63,40,1,0.04,0.02
64,42,4,0.01,0.04
65,42,4,0.05,0.02
66,43,3,0.04,0.04
67,43,2,0.04,0.03
68,44,2,0.01,0.02
69,45,4,0.03,0.03
70,45,4,0.04,0.02
71,46,2,0.05,0.03
72,48,1,0.04,0.04
73,49,2,0.04,0.04
74,49,3,0.04,0.02
75,49,4,0.04,0.01
76,49,5,0.05,0.05
77,50,3,0.04,0.03
78,50,5,0.02,0.02
79,50,5,0.02,0.03
80,50,5,0.04,0.02
81,51,2,0.04,0.02
82,51,1,0.05,0.02
83,52,5,0.02,0.04
84,52,1,0.04,0.04
85,52,5,0.02,0.05
86,53,5,0.03,0.02
87,53,5,0.01,0.03
88,53,4,0.05,0.02
89,53,1,0.04,0.03
90,54,3,0.02,0.02
91,55,1,0.04,0.03
92,55,1,0.02,0.01
93,55,1,0.03,0.02
94,55,1,0.03,0.02
95,56,1,0.02,0.05
96,57,5,0.03,0.04
97,57,1,0.01,0.05
98,57,5,0.02,0.02
99,58,5,0.02,0.03
100,59,1,0.04,0.03
101,59,1,0.02,0.02
102,61,4,0.03,0.04
103,63,2,0.02,0.04
104,63,4,0.01,0.02
105,64,5,0.02,0.03
106,65,4,0.05,0.02
107,66,1,0.04,0.05
108,66,2,0.03,0.02
109,66,2,0.03,0.05
110,67,2,0.05,0.03
111,67,2,0.01,0.01
112,68,3,0.05,0.01
113,68,2,0.03,0.02
114,69,3,0.05,0.03
115,69,3,0.02,0.01
116,71,1,0.05,0.02
117,72,4,0.03,0.03
118,74,5,0.04,0.03
119,74,5,0.05,0.02
120,76,4,0.04,0.01
121,76,3,0.02,0.01
122,77,3,0.05,0.03
123,77,3,0.02,0.03
124,78,4,0.04,0.03
125,80,2,0.02,0.02
126,80,4,0.04,0.01
127,80,1,0.04,0.04
128,81,2,0.02,0.03
129,82,5,0.04,0.04
130,82,3,0.04,0.01
131,83,2,0.02,0.03
132,83,4,0.04,0.02
133,85,3,0.05,0.04
134,86,5,0.03,0.02
135,86,5,0.03,0.05
136,88,1,0.05,0.05
137,88,4,0.04,0.04
138,89,5,0.03,0.04
139,89,2,0.02,0.04
140,90,3,0.04,0.03
141,91,3,0.04,0.03
142,93,4,0.05,0.04
143,93,3,0.03,0.04
144,94,1,0.02,0.01
145,94,5,0.02,0.05
146,96,1,0.04,0.05
147,97,4,0.03,0.04
148,98,4,0.03,0.01
149,100,2,0.03,0.02
150,102,1,0.04,0.02
151,102,1,0.02,0.02
152,103,4,0.04,0.03
153,104,2,0.02,0.01
154,104,1,0.03,0.04
155,104,2,0.02,0.02
156,105,1,0.04,0.03
157,107,2,0.02,0.03
158,107,3,0.03,0.04
159,107,5,0.04,0.02
160,108,3,0.04,0.01
161,108,2,0.05,0.04
162,109,3,0.05,0.02
163,109,2,0.01,0.04
164,111,1,0.04,0.02
165,111,1,0.04,0.01
166,111,5,0.05,0.04
167,111,3,0.04,0.05
168,112,1,0.04,0.05
169,112,5,0.03,0.04
170,112,1,0.03,0.04
171,112,2,0.03,0.05
172,113,1,0.02,0.05
173,113,2,0.04,0.04
174,113,3,0.04,0.04
175,114,4,0.03,0.02
176,114,2,0.03,0.02
177,115,2,0.02,0.04
178,115,2,0.03,0.03
179,115,5,0.01,0.04
180,115,1,0.02,0.03
181,116,2,0.04,0.05
182,117,1,0.03,0.05
183,118,5,0.04,0.02
184,119,1,0.04,0.04
185,119,3,0.01,0.02
186,119,4,0.04,0.02
187,120,3,0.04,0.04
188,120,2,0.05,0.03
189,121,4,0.04,0.03
190,121,2,0.02,0.03
191,122,1,0.01,0.03
192,122,1,0.03,0.01
193,122,3,0.04,0.02
194,123,2,0.01,0.04
195,123,5,0.04,0.03
196,123,2,0.02,0.02
197,123,1,0.02,0.02
198,125,5,0.01,0.03
199,126,4,0.05,0.03
200,127,1,0.02,0.05
201,127,3,0.04,0.01
202,128,3,0.04,0.03
203,129,4,0.03,0.05
204,130,3,0.03,0.02
205,131,2,0.03,0.05
206,131,4,0.01,0.02
207,131,5,0.02,0.03
208,132,2,0.05,0.04
209,132,4,0.03,0.04
210,133,2,0.01,0.03
211,133,2,0.01,0.05
212,133,2,0.02,0.05
213,134,5,0.04,0.03
214,135,2,0.05,0.03
215,135,5,0.01,0.01
216,135,3,0.04,0.03
217,135,3,0.04,0.03
218,136,4,0.03,0.04
219,137,1,0.02,0.03
220,138,4,0.02,0.02
221,138,4,0.03,0.05
222,138,4,0.02,0.03
223,139,2,0.03,0.03
224,139,1,0.03,0.04
225,140,1,0.03,0.01
226,142,3,0.03,0.01
227,143,5,0.05,0.03
228,145,1,0.03,0.02
229,145,4,0.03,0.05
230,145,4,0.01,0.03
231,145,2,0.03,0.03
232,146,2,0.05,0.02
233,146,2,0.03,0.01
234,146,2,0.05,0.01
235,149,2,0.04,0.04
236,149,2,0.03,0.02
237,150,1,0.05,0.03
238,150,2,0.02,0.04
239,151,3,0.03,0.03
240,151,2,0.04,0.03
241,153,5,0.05,0.02
242,154,4,0.03,0.05
243,155,3,0.03,0.01
244,155,4,0.05,0.02
245,156,5,0.03,0.02
246,156,4,0.02,0.04
247,156,3,0.04,0.02
248,156,4,0.03,0.01
249,156,5,0.02,0.02
250,156,1,0.03,0.02
251,157,3,0.03,0.02
252,157,4,0.04,0.04
253,158,4,0.03,0.04
254,158,5,0.03,0.01
255,159,1,0.03,0.03
256,160,5,0.02,0.02
257,160,4,0.03,0.03
258,161,2,0.03,0.05
259,162,2,0.02,0.04
260,163,5,0.02,0.05
261,164,2,0.04,0.03
262,164,1,0.01,0.03
263,164,1,0.04,0.02
264,164,2,0.02,0.02
265,165,4,0.01,0.03
266,166,5,0.04,0.02
267,166,2,0.03,0.02
268,166,5,0.03,0.03
269,167,4,0.03,0.04
270,169,1,0.04,0.05
271,171,2,0.02,0.03
272,171,1,0.02,0.03
273,171,4,0.02,0.04
274,173,5,0.04,0.03
275,173,3,0.05,0.05
276,173,4,0.03,0.03
277,174,2,0.04,0.02
278,176,3,0.04,0.04
279,177,3,0.04,0.04
280,178,1,0.04,0.04
281,178,1,0.04,0.05
282,178,2,0.02,0.02
283,178,2,0.03,0.04
284,179,5,0.03,0.03
285,179,2,0.04,0.01
286,179,5,0.05,0.04
287,180,1,0.01,0.03
288,180,4,0.04,0.05
289,180,1,0.03,0.02
290,181,2,0.02,0.04
291,181,4,0.02,0.01
292,181,2,0.05,0.04
293,182,5,0.04,0.04
294,182,5,0.01,0.03
295,182,4,0.04,0.02
296,183,2,0.04,0.04
297,183,2,0.05,0.04
298,183,2,0.05,0.05
299,184,4,0.04,0.03
300,184,3,0.03,0.04
301,184,1,0.04,0.03
302,184,5,0.01,0.02
303,185,2,0.05,0.02
304,186,5,0.01,0.03
305,186,1,0.01,0.04
306,188,4,0.04,0.01
307,188,4,0.05,0.04
308,189,1,0.03,0.04
309,189,3,0.04,0.01
310,190,4,0.03,0.02
311,190,4,0.04,0.01
312,190,5,0.02,0.01
313,192,1,0.04,0.05
314,193,3,0.05,0.04
315,193,3,0.05,0.05
316,194,3,0.02,0.04
317,195,2,0.02,0.05
318,195,4,0.02,0.05
319,196,4,0.03,0.01
320,197,1,0.01,0.02
321,198,3,0.04,0.03
322,198,2,0.04,0.04
323,199,5,0.02,0.03
324,199,4,0.02,0.02
325,201,3,0.01,0.03
326,201,3,0.01,0.01
327,203,1,0.05,0.04
328,204,3,0.03,0.02
329,206,1,0.05,0.05
330,208,2,0.05,0.04
331,209,4,0.01,0.03
332,210,3,0.03,0.03
333,210,1,0.03,0.05
334,212,5,0.04,0.03
335,212,4,0.02,0.04
336,213,2,0.02,0.01
337,214,2,0.02,0.03
338,214,5,0.02,0.01
339,214,3,0.04,0.04
340,215,5,0.03,0.04
341,215,5,0.05,0.04
342,217,1,0.01,0.01
343,217,4,0.03,0.01
344,217,3,0.03,0.05
345,218,5,0.04,0.02
346,219,4,0.05,0.05
347,220,3,0.02,0.04
348,220,2,0.02,0.04
349,221,2,0.02,0.01
350,221,5,0.01,0.04
351,221,2,0.02,0.05
352,222,1,0.05,0.01
353,222,5,0.04,0.03
354,224,1,0.03,0.04
355,224,1,0.03,0.01
356,224,4,0.01,0.04
357,224,2,0.04,0.03
358,225,1,0.05,0.01
359,225,4,0.02,0.01
360,225,2,0.01,0.04
361,226,4,0.03,0.05
362,229,3,0.02,0.03
363,230,5,0.01,0.04
364,231,3,0.02,0.02
365,231,1,0.01,0.02
366,231,2,0.05,0.02
367,231,3,0.03,0.01
368,235,2,0.03,0.01
369,235,4,0.05,0.04
370,235,1,0.02,0.04
371,235,4,0.04,0.04
372,235,2,0.02,0.01
373,236,5,0.04,0.02
374,238,2,0.01,0.04
375,238,4,0.03,0.01
376,238,5,0.02,0.02
377,238,1,0.02,0.05
378,239,3,0.01,0.02
379,239,5,0.03,0.03
380,239,5,0.03,0.01
381,239,2,0.03,0.05
382,240,3,0.02,0.02
383,240,4,0.05,0.05
384,240,2,0.02,0.03
385,241,4,0.03,0.04
386,241,3,0.02,0.01
387,241,2,0.02,0.02
388,242,2,0.04,0.05
389,242,3,0.01,0.02
390,244,4,0.02,0.01
391,245,5,0.03,0.02
392,245,5,0.02,0.02
393,246,2,0.03,0.03
394,247,3,0.01,0.02
395,247,2,0.03,0.01
396,247,2,0.01,0.02
397,248,4,0.02,0.03
398,249,2,0.03,0.03
399,249,4,0.04,0.04
400,251,4,0.04,0.04
401,251,5,0.02,0.04
402,251,3,0.04,0.04
403,252,2,0.04,0.04
404,253,5,0.03,0.02
405,254,3,0.02,0.04
406,254,4,0.03,0.03
407,254,5,0.04,0.04
408,255,5,0.03,0.03
409,255,3,0.05,0.03
410,255,2,0.03,0.05
411,255,1,0.02,0.03
412,255,1,0.04,0.03
413,258,2,0.04,0.05
414,259,2,0.02,0.02
415,259,1,0.01,0.01
416,259,4,0.04,0.01
417,260,5,0.03,0.04
418,260,2,0.02,0.01
419,260,5,0.03,0.03
420,261,1,0.04,0.02
421,262,2,0.04,0.04
422,262,1,0.01,0.02
423,263,3,0.03,0.01
424,264,1,0.03,0.04
425,264,2,0.03,0.03
426,265,5,0.03,0.04
427,266,5,0.03,0.02
428,268,2,0.05,0.02
429,268,4,0.02,0.02
430,268,1,0.01,0.04
431,269,2,0.01,0.02
432,270,2,0.05,0.01
433,270,3,0.03,0.03
434,270,3,0.02,0.05
435,271,4,0.03,0.03
436,271,4,0.04,0.02
437,271,5,0.03,0.03
438,273,4,0.05,0.02
439,273,4,0.02,0.01
440,274,3,0.02,0.01
441,274,5,0.04,0.03
442,275,4,0.02,0.04
443,275,2,0.01,0.02
444,275,2,0.02,0.03
445,276,4,0.03,0.01
446,278,3,0.05,0.01
447,278,5,0.03,0.02
448,278,4,0.01,0.03
449,279,4,0.03,0.03
450,279,5,0.04,0.05
451,280,4,0.03,0.05
452,280,4,0.01,0.04
453,280,5,0.02,0.03
454,281,2,0.05,0.01
455,281,3,0.02,0.04
456,282,4,0.04,0.03
457,282,2,0.02,0.04
458,282,4,0.04,0.03
459,284,4,0.03,0.05
460,284,2,0.02,0.03
461,285,3,0.05,0.04
462,285,3,0.02,0.05
463,285,5,0.03,0.03
464,286,3,0.04,0.03
465,287,1,0.03,0.05
466,287,4,0.02,0.03
467,288,3,0.03,0.05
468,288,2,0.03,0.04
469,289,1,0.05,0.02
470,289,5,0.04,0.03
471,289,2,0.05,0.03
472,292,1,0.04,0.01
473,292,5,0.03,0.05
474,292,5,0.02,0.04
475,293,4,0.03,0.04
476,293,5,0.02,0.04
477,293,5,0.03,0.04
478,295,2,0.04,0.04
479,296,3,0.04,0.01
480,296,1,0.01,0.03
481,297,5,0.04,0.03
482,298,5,0.02,0.05
483,299,5,0.02,0.02
484,300,2,0.04,0.03
485,301,1,0.04,0.02
486,301,4,0.03,0.04
487,302,1,0.01,0.04
488,302,4,0.02,0.02
489,303,4,0.02,0.05
490,304,4,0.03,0.02
491,304,5,0.03,0.02
492,304,3,0.02,0.02
493,305,3,0.04,0.04
494,305,4,0.05,0.05
495,305,4,0.03,0.04
496,305,3,0.05,0.04
497,306,1,0.01,0.02
498,306,2,0.04,0.03
499,307,3,0.02,0.03
500,308,4,0.04,0.04
501,308,2,0.02,0.03
502,309,4,0.05,0.01
503,312,5,0.01,0.04
504,314,5,0.05,0.04
505,315,5,0.05,0.03
506,316,3,0.04,0.02
507,316,4,0.05,0.05
508,318,1,0.01,0.04
509,318,1,0.04,0.02
510,318,1,0.05,0.04
511,319,1,0.02,0.03
512,319,1,0.01,0.01
513,319,1,0.02,0.01
514,320,1,0.04,0.04
515,320,5,0.02,0.05
516,320,5,0.04,0.03
517,322,2,0.03,0.03
518,324,3,0.01,0.02
519,326,4,0.04,0.04
520,326,2,0.01,0.01
521,326,3,0.02,0.05
522,326,4,0.05,0.01
523,327,2,0.02,0.02
524,328,3,0.02,0.05
525,328,1,0.01,0.03
526,328,2,0.05,0.03
527,329,1,0.04,0.02
528,329,1,0.04,0.03
529,329,5,0.05,0.04
530,329,3,0.04,0.05
531,329,2,0.03,0.04
532,330,4,0.03,0.01
533,330,2,0.04,0.01
534,330,2,0.05,0.02
535,331,2,0.05,0.03
536,331,5,0.03,0.04
537,332,4,0.05,0.03
538,333,5,0.02,0.02
539,334,2,0.03,0.04
540,334,3,0.03,0.01
541,336,2,0.04,0.03
542,336,1,0.02,0.03
543,337,4,0.02,0.05
544,338,5,0.02,0.04
545,338,1,0.01,0.02
546,338,3,0.04,0.04
547,338,3,0.04,0.01
548,338,1,0.04,0.04
549,338,4,0.03,0.02
550,339,1,0.03,0.04
551,340,2,0.02,0.01
552,340,4,0.03,0.01
553,341,4,0.05,0.02
554,342,2,0.02,0.03
555,342,1,0.02,0.02
556,343,1,0.05,0.02
557,344,1,0.03,0.03
558,344,4,0.04,0.01
559,346,4,0.02,0.03
560,346,1,0.04,0.03
561,346,4,0.02,0.03
562,348,2,0.01,0.03
563,348,4,0.03,0.04
564,348,5,0.03,0.02
565,348,2,0.03,0.03
566,348,1,0.02,0.03
567,350,1,0.04,0.05
568,350,3,0.01,0.04
569,350,3,0.04,0.04
570,351,5,0.04,0.03
571,351,4,0.02,0.04
572,351,4,0.03,0.04
573,351,1,0.02,0.04
574,353,4,0.03,0.05
575,354,4,0.04,0.04
576,354,4,0.02,0.02
577,354,4,0.02,0.04
578,354,4,0.05,0.02
579,355,2,0.02,0.01
580,355,3,0.02,0.02
581,355,5,0.04,0.01
582,356,4,0.03,0.03
583,357,1,0.03,0.02
584,359,1,0.03,0.02
585,359,2,0.04,0.05
586,360,3,0.02,0.01
587,361,3,0.04,0.04
588,361,4,0.01,0.05
589,362,5,0.02,0.02
590,362,3,0.02,0.03
591,362,5,0.02,0.05
592,363,3,0.04,0.02
593,363,3,0.03,0.04
594,364,3,0.02,0.04
595,365,4,0.02,0.03
596,365,4,0.02,0.03
597,365,3,0.02,0.05
598,365,5,0.04,0.02
599,365,3,0.02,0.02
600,365,5,0.03,0.01
601,366,5,0.02,0.02
602,366,4,0.02,0.01
603,366,1,0.01,0.03
604,366,1,0.04,0.02
605,367,5,0.03,0.04
606,367,5,0.04,0.04
607,367,4,0.02,0.02
608,368,2,0.05,0.04
609,369,2,0.02,0.04
610,369,1,0.03,0.03
611,370,4,0.02,0.01
612,371,2,0.02,0.03
613,372,3,0.03,0.01
614,372,1,0.02,0.02
615,373,2,0.01,0.03
616,373,2,0.02,0.03
617,374,3,0.02,0.03
618,374,1,0.03,0.02
619,375,2,0.03,0.04
620,376,1,0.03,0.02
621,376,5,0.03,0.02
622,376,3,0.02,0.03
623,377,2,0.04,0.04
624,377,1,0.04,0.04
625,378,4,0.02,0.03
626,378,4,0.01,0.03
627,378,4,0.02,0.04
628,379,5,0.05,0.01
629,379,1,0.04,0.05
630,381,3,0.02,0.02
631,381,2,0.02,0.03
632,381,2,0.04,0.02
633,381,5,0.02,0.02
634,381,3,0.05,0.01
635,382,1,0.04,0.04
636,383,4,0.01,0.02
637,384,5,0.04,0.03
638,385,1,0.04,0.03
639,386,3,0.02,0.03
640,387,4,0.04,0.04
641,387,5,0.02,0.04
642,388,4,0.03,0.01
643,389,1,0.03,0.04
644,389,1,0.04,0.03
645,390,5,0.02,0.02
646,391,5,0.03,0.02
647,392,4,0.02,0.03
648,393,1,0.01,0.03
649,393,1,0.05,0.04
650,394,2,0.01,0.05
651,396,1,0.03,0.01
652,396,2,0.05,0.02
653,397,5,0.03,0.03
654,397,3,0.01,0.01
655,398,4,0.02,0.03
656,399,1,0.04,0.05
657,399,1,0.03,0.02
658,400,4,0.04,0.02
659,401,4,0.02,0.05
660,401,4,0.05,0.04
661,402,4,0.02,0.03
662,402,1,0.01,0.02
663,402,2,0.03,0.02
664,403,3,0.02,0.02
665,403,5,0.02,0.03
666,404,5,0.03,0.01
667,404,3,0.04,0.05
668,405,1,0.04,0.04
669,405,3,0.03,0.04
670,405,5,0.02,0.02
671,406,2,0.01,0.05
672,406,5,0.03,0.04
673,406,5,0.03,0.01
674,407,5,0.01,0.04
675,408,4,0.03,0.04
676,409,1,0.05,0.03
677,409,4,0.02,0.02
678,409,3,0.02,0.03
679,410,2,0.01,0.03
680,410,3,0.02,0.05
681,411,4,0.04,0.04
682,411,5,0.04,0.03
683,412,5,0.03,0.02
684,412,3,0.04,0.01
685,412,2,0.03,0.03
686,413,2,0.01,0.04
687,415,4,0.03,0.02
688,415,1,0.04,0.02
689,415,5,0.02,0.02
690,417,2,0.04,0.03
691,418,3,0.04,0.04
692,418,4,0.05,0.04
693,418,3,0.03,0.03
694,420,1,0.05,0.05
695,420,4,0.04,0.04
696,421,5,0.05,0.02
697,423,3,0.03,0.03
698,424,1,0.05,0.02
699,424,4,0.02,0.01
700,425,1,0.02,0.05
701,425,4,0.02,0.05
702,425,3,0.03,0.02
703,426,3,0.01,0.02
704,427,3,0.02,0.03
705,427,2,0.05,0.03
706,427,1,0.03,0.04
707,428,2,0.03,0.05
708,428,1,0.01,0.02
709,429,4,0.03,0.02
710,430,1,0.02,0.04
711,430,3,0.01,0.02
712,430,1,0.05,0.03
713,430,3,0.02,0.03
714,431,4,0.03,0.01
715,431,3,0.04,0.05
716,432,5,0.01,0.03
717,432,4,0.05,0.05
718,432,1,0.04,0.03
719,432,4,0.02,0.02
720,432,4,0.04,0.02
721,432,1,0.02,0.02
722,432,3,0.04,0.04
723,433,5,0.02,0.03
724,433,4,0.04,0.05
725,434,3,0.04,0.03
726,434,1,0.04,0.05
727,434,1,0.01,0.05
728,435,2,0.01,0.04
729,436,3,0.02,0.04
730,436,2,0.02,0.02
731,436,3,0.05,0.05
732,436,3,0.03,0.03
733,438,2,0.05,0.01
734,439,3,0.02,0.02
735,439,4,0.03,0.05
736,439,2,0.04,0.05
737,440,5,0.01,0.02
738,441,5,0.03,0.04
739,442,3,0.01,0.04
740,443,2,0.05,0.02
741,443,4,0.02,0.05
742,443,4,0.01,0.04
743,444,5,0.04,0.02
744,444,5,0.04,0.05
745,444,3,0.05,0.02
746,444,1,0.02,0.03
747,445,2,0.05,0.02
748,446,1,0.02,0.01
749,446,1,0.02,0.01
750,446,1,0.03,0.02
751,446,5,0.01,0.04
752,447,2,0.04,0.01
753,447,5,0.03,0.04
754,447,5,0.03,0.03
755,448,2,0.03,0.05
756,448,1,0.03,0.03
757,450,4,0.04,0.05
758,451,3,0.04,0.02
759,452,3,0.03,0.02
760,452,5,0.02,0.01
761,453,5,0.04,0.05
762,453,5,0.04,0.05
763,454,3,0.05,0.03
764,454,3,0.04,0.01
765,454,5,0.03,0.04
766,455,4,0.02,0.04
767,455,4,0.02,0.04
768,458,5,0.01,0.04
769,458,2,0.03,0.01
770,458,5,0.02,0.04
771,459,3,0.02,0.04
772,459,4,0.02,0.03
773,460,4,0.03,0.03
774,461,2,0.03,0.02
775,461,3,0.04,0.04
776,462,5,0.02,0.03
777,462,3,0.02,0.03
778,464,5,0.04,0.04
779,464,3,0.04,0.02
780,465,1,0.02,0.03
781,465,5,0.02,0.05
782,466,4,0.02,0.03
783,467,4,0.01,0.02
784,467,3,0.02,0.02
785,467,5,0.03,0.04
786,467,1,0.02,0.01
787,468,4,0.04,0.04
788,468,3,0.05,0.03
789,469,3,0.04,0.04
790,469,4,0.02,0.02
791,469,4,0.02,0.04
792,469,5,0.01,0.03
793,470,4,0.03,0.03
794,470,4,0.03,0.02
795,471,1,0.01,0.04
796,471,3,0.02,0.05
797,472,3,0.03,0.02
798,472,3,0.03,0.04
799,473,4,0.02,0.02
800,474,2,0.04,0.04
801,474,4,0.04,0.01
802,475,3,0.04,0.02
803,475,2,0.01,0.01
804,475,1,0.01,0.02
805,476,4,0.03,0.04
806,476,2,0.03,0.04
807,476,2,0.02,0.04
808,476,2,0.01,0.02
809,477,2,0.03,0.04
810,479,5,0.01,0.02
811,479,5,0.04,0.02
812,479,3,0.02,0.03
813,480,5,0.03,0.03
814,480,2,0.04,0.04
815,481,5,0.02,0.04
816,481,3,0.03,0.04
817,482,2,0.01,0.03
818,483,2,0.02,0.05
819,484,1,0.04,0.03
820,487,4,0.03,0.01
821,487,2,0.04,0.05
822,489,1,0.03,0.02
823,489,4,0.04,0.05
824,490,3,0.05,0.04
825,490,2,0.01,0.02
826,491,1,0.03,0.03
827,491,1,0.02,0.04
828,493,4,0.02,0.03
829,493,3,0.03,0.03
830,493,5,0.05,0.05
831,493,1,0.04,0.03
832,494,5,0.05,0.04
833,494,4,0.02,0.02
834,495,4,0.04,0.02
835,496,1,0.01,0.03
836,497,1,0.01,0.05
837,498,2,0.04,0.03
838,499,5,0.02,0.01
839,500,4,0.03,0.01
840,501,4,0.04,0.05
841,502,5,0.04,0.01
842,502,4,0.01,0.03
843,502,5,0.02,0.03
844,503,2,0.03,0.02
845,504,1,0.02,0.05
846,504,1,0.02,0.05
847,505,1,0.02,0.02
848,506,3,0.04,0.04
849,507,5,0.01,0.02
850,507,1,0.04,0.04
851,507,2,0.04,0.02
852,507,2,0.03,0.05
853,508,2,0.02,0.05
854,508,4,0.02,0.04
855,509,2,0.02,0.04
856,510,1,0.02,0.02
857,512,5,0.03,0.04
858,513,5,0.05,0.02
859,514,1,0.02,0.05
860,514,2,0.02,0.03
861,514,3,0.02,0.04
862,514,5,0.03,0.03
863,518,2,0.03,0.03
864,519,4,0.04,0.02
865,519,4,0.03,0.05
866,520,5,0.05,0.02
867,520,1,0.03,0.02
868,520,2,0.03,0.03
869,521,1,0.01,0.03
870,522,4,0.04,0.04
871,522,4,0.04,0.02
872,522,2,0.02,0.05
873,523,1,0.03,0.03
874,525,2,0.03,0.04
875,526,2,0.04,0.05
876,528,3,0.03,0.04
877,528,4,0.03,0.04
878,529,2,0.02,0.01
879,532,2,0.03,0.02
880,532,1,0.01,0.02
881,532,4,0.04,0.03
882,534,4,0.04,0.01
883,534,1,0.03,0.01
884,534,4,0.01,0.04
885,534,5,0.03,0.05
886,535,4,0.02,0.02
887,536,5,0.02,0.02
888,536,3,0.02,0.05
889,536,1,0.02,0.03
890,537,1,0.01,0.04
891,537,3,0.04,0.04
892,537,2,0.04,0.01
893,537,3,0.04,0.01
894,537,3,0.05,0.01
895,538,5,0.01,0.04
896,538,2,0.02,0.03
897,538,5,0.05,0.01
898,539,3,0.01,0.03
899,539,5,0.04,0.04
900,539,2,0.03,0.04
901,539,1,0.04,0.02
902,541,5,0.01,0.04
903,541,5,0.02,0.04
904,541,1,0.05,0.04
905,542,1,0.01,0.04
906,542,4,0.02,0.03
907,542,2,0.04,0.04
908,544,1,0.02,0.02
909,547,1,0.03,0.05
910,547,4,0.03,0.02
911,549,2,0.02,0.03
912,549,5,0.04,0.05
913,551,3,0.02,0.03
914,552,3,0.03,0.01
915,552,1,0.04,0.03
916,553,4,0.02,0.03
917,554,4,0.02,0.01
918,556,4,0.04,0.04
919,556,5,0.02,0.03
920,557,3,0.02,0.02
921,557,5,0.05,0.01
922,558,2,0.03,0.02
923,558,1,0.04,0.02
924,558,3,0.05,0.02
925,558,4,0.04,0.04
926,559,1,0.02,0.02
927,560,2,0.04,0.01
928,562,2,0.02,0.03
929,562,3,0.01,0.04
930,564,5,0.03,0.02
931,564,1,0.03,0.03
932,565,5,0.01,0.02
933,566,5,0.03,0.02
934,566,3,0.03,0.01
935,567,1,0.02,0.04
936,568,5,0.04,0.03
937,568,1,0.01,0.04
938,568,5,0.04,0.04
939,568,2,0.03,0.02
940,569,3,0.04,0.04
941,570,1,0.01,0.04
942,570,3,0.03,0.01
943,572,2,0.03,0.05
944,573,2,0.04,0.02
945,574,2,0.04,0.01
946,575,5,0.03,0.03
947,576,2,0.04,0.03
948,576,1,0.05,0.02
949,577,3,0.05,0.03
950,577,4,0.04,0.04
951,579,4,0.01,0.02
952,579,1,0.04,0.01
953,579,3,0.05,0.03
954,579,5,0.02,0.03
955,579,3,0.05,0.02
956,581,4,0.01,0.02
957,581,5,0.01,0.04
958,582,1,0.02,0.02
959,582,5,0.03,0.02
960,582,2,0.02,0.02
961,582,2,0.04,0.01
962,583,2,0.02,0.02
963,583,3,0.05,0.01
964,584,4,0.02,0.02
965,584,5,0.04,0.03
966,584,3,0.02,0.02
967,585,3,0.04,0.01
968,586,3,0.02,0.04
969,586,3,0.03,0.04
970,587,4,0.02,0.02
971,588,2,0.05,0.02
972,588,3,0.02,0.03
973,588,3,0.02,0.01
974,588,2,0.02,0.05
975,588,4,0.03,0.04
976,589,1,0.03,0.01
977,589,2,0.05,0.02
978,589,2,0.01,0.02
979,590,5,0.03,0.03
980,591,5,0.03,0.01
981,591,1,0.02,0.04
982,591,4,0.04,0.02
983,591,4,0.04,0.04
984,592,2,0.02,0.03
985,593,1,0.03,0.03
986,594,3,0.01,0.01
987,595,2,0.03,0.05
988,596,5,0.01,0.04
989,596,3,0.03,0.03
990,596,4,0.03,0.04
991,596,5,0.05,0.02
992,596,3,0.02,0.02
993,596,1,0.04,0.03
994,597,2,0.04,0.04
995,598,3,0.03,0.03
996,598,1,0.03,0.04
997,600,4,0.01,0.04
998,600,1,0.03,0.03
999,600,2,0.02,0.03
